lunch,time,love,keto,coffee,cold,refreshing,afternoon,pick,ilovechocolate,howdoyouketo,https,t.co,ewnsdju30z,
rt,sharon_grose,guess,kind,meeting,attending,today,ag,course,yummy,treat,farm,workshop,chocolatemilk,served,f,
guess,kind,meeting,attending,today,ag,course,yummy,treat,farm,workshop,chocolatemilk,se,https,t.co,pxoju6sovc,
candy,associated,every,holiday,i’ve,eaten,10,hershey,kisses,chocolate,marshmallow,e,https,t.co,6pmir5xawe,
time,afternoon,treat,cadburyuk,loving,caramel,mini,rolls,treattime,easter,ilovechocolate,https,t.co,jp8cpngsdd,
jackataspire,maxmediauk,you’re,bestie,ilovechocolate,
goodnight,nitenite,ilovechocolate,justbehappy,https,t.co,yzpn9nmk30,
shebertdaly,hear,ilovechocolate,
hotelchocolat,watching,chocolate,dreams,inside,hotel,chocolat,think,need,work,factory,drool,https,t.co,qpmtbhevqa,
just,sitting,work,creating,ad,thinking,boy,go,chocolate,right,now,someo,https,t.co,ehjx2dlgrx,
ultimate,easter,basket,upgrade,zero,sugar,keto,friendly,gluten,free,sweetened,perfection,https,t.co,gg1hh9fmdx,
prep,easter,basket,new,york's,best,chocolate,li,lac,lilac,lilacchocolates,chocolate,https,t.co,vwgvd4hlzo,
also,nationalwearyourpajamastoworkday,hello,ilovechocolate,rock,pj's,tuesday,https,t.co,0xdo34iogx,
chocolate,amp,fruit,definitely,thing,lemon,lime,orange,strawberry,truffles,chocolatetherapy,https,t.co,bha8qna96v,
love,chocolate,chocolate,ilovechocolate,likeforfollow,likeforlikes,follower,follow4like,sweetday,https,t.co,apyfdoiygu,
<U+30C1><U+30ED><U+30EB>,<U+306E>,<U+6FC3><U+539A>,<U+30AC>,<U+30C8><U+30FC>,<U+30B7><U+30E7><U+30B3><U+30E9>,<U+306E>,<U+30A2><U+30A4><U+30B9>,<U+7248>,´<U+15DC>`,<U+30C1><U+30E7><U+30B3>,<U+30BD><U+30FC><U+30B9>,<U+5165>,<U+3063><U+3066>,<U+3066>,<U+6FC3><U+539A>,<U+3067><U+3082>,<U+30C1><U+30ED><U+30EB>,<U+6FC3><U+539A>,<U+30AC>,<U+30C8><U+30FC>,<U+30B7><U+30E7><U+30B3><U+30E9>,<U+30D0><U+30FC>,<U+30D5><U+30AF><U+30FC><U+30B9><U+30CA>,<U+0E05>´,<U+0E05>`,<U+597D><U+5403>,<U+5F88><U+597D>,<U+5403>,<U+0432><U+043A><U+0443><U+0441><U+043D><U+043E>,<U+30C1><U+30E7><U+30B3>,<U+98DF>,<U+3079><U+305F>,<U+3044>,<U+75C5>,<U+30A2><U+30A4><U+30B9>,<U+3082>,<U+98DF>,<U+3079><U+305F>,<U+3044>,<U+75C5>,https,t.co,taxmg8vu3k,
love,chocolate,chocolate,ilovechocolate,likeforfollow,likeforlikes,follower,follow4like,sweetday,https,t.co,ipubbgflmn,
love,chocolate,chocolate,ilovechocolate,likeforfollow,likeforlikes,follower,follow4like,sweetday,https,t.co,2uqui88gco,
love,chocolate,chocolate,ilovechocolate,likeforfollow,likeforlikes,follower,follow4like,sweetday,https,t.co,vmsola3ln0,
love,chocolate,chocolate,ilovechocolate,likeforfollow,likeforlikes,follower,follow4like,sweetday,https,t.co,awwxeyxlzn,
easter,almost,eastereggs,chocolates,handmade,foodporn,yummy,sweets,love,instafood,food,delicious,https,t.co,y9zxkl4aga,
go,three,hours,straight,teaching,i’m,starving,massive,chocolate,stash,https,t.co,axkwutt4qs,
li,lac,chocolates,lilacchocolates,chocolate,whomakesyourchocolate,grandcentralmarket,hudsonyards,https,t.co,vfmysa0nru,
li,lac,chocolates,lilacchocolates,chocolate,whomakesyourchocolate,grandcentralmarket,https,t.co,algnhhqhca,
iloveme,ilovechocolate,https,t.co,fffk0blgt7,
easter,mini,eastereggs,chocolates,handmade,foodporn,yummy,sweets,love,instafood,food,delicious,choco,https,t.co,ma89x2uhpk,
one,creamy,milk,chocolate,one,bold,dark,sounds,pretty,balanced,us,loveskinnyme,skinnyme,https,t.co,5uox1tryvf,
one,amazing,food,world,pure,chocolate,chocolatecity,ilovechocolate,chocolatelovers,https,t.co,yv6kkuuoea,
easter,eastereggs,special,chocolates,handmade,foodporn,yummy,sweets,love,instafood,food,delicious,https,t.co,7c9z8cl5ld,
new,puppy,family,meet,annieoakley,chocolatelab,cocolab,labpuppy,bestfriendsforever,https,t.co,cqbgohfzgd,
it’s,saturday,got,weekend,chocolate,variety,flavors,colors,chocolate,art,chocolatetherapy,https,t.co,9hr724oqhw,
kinder,ice,cream,gelato,gelatolove,kinderbueno,cornetto,kindericecream,bueno,icecream,kinder,like,https,t.co,bfwh7bku3v,
chocolate,life,ilovechocolate,chocolate,
just,know,love,dark,chocolate,nuts,amp,sea,salt,ever,want,buy,i’m,https,t.co,bp0qw3ogtt,
car,snacks,integrativehealthcoach,healthyeating,healthysnacks,healthcoach,moveitorloseit,sitlessmovemore,https,t.co,pusoa737bv,
j’avoue,j’ai,craqué,pour,un,lapin,mais,qui,n’a,jamais,craqué,pour,un,lapin,chocolate,chocolat,https,t.co,xeg7ezag00,
rt,poivrecannelle,nouveau,post,sur,mon,blog,sur,le,salonchocolat,2018,chocolat,ilovechocolate,chocaddict,foodieblog,https,t.co,uvb,
volcán,de,chocolate,volcandechocolate,chocolate,lovechocolate,dessert,sweet,chocolovers,https,t.co,qkskkcsiuh,
make,skinnyme,chocolate,mug,cake,5,minutes,get,recipe,https,t.co,dyavoqdgi4,https,t.co,hzrxdeuriz,
kris_sacrebleu,making,chocolate,cake,chocalate,buttercream,icing,scratch,ilovechocolate,
today’s,discovery,hartley’s,10,cal,blueberry,blackcurrant,flavour,jelly,tastes,like,cough,medicine,ev,https,t.co,bybedsiivw,
childhoodmemories,chocolates,handmade,foodporn,yummy,sweets,love,instafood,food,delicious,choco,https,t.co,imnuafwztm,
life,ilovechocolate,
rt,emfontanella,new,video,youtube,channel,gooey,chocolate,chip,cookies,crispy,edges,cookie,dough,center,eat,thes,
rt,emfontanella,new,video,youtube,channel,gooey,chocolate,chip,cookies,crispy,edges,cookie,dough,center,eat,thes,
rt,skinnymechoc,sweet,satisfaction,skinnyme,chocolates,peanut,butter,aliciadoesketoo,loveskinnyme,skinnyme,sugarfree,yum,st,
sweet,satisfaction,skinnyme,chocolates,peanut,butter,aliciadoesketoo,loveskinnyme,skinnyme,sugarfree,https,t.co,8ktodttkew,
hubby,brought,easter,egg,today,bless,he’s,good,egg,excuse,pun,onehappywife,https,t.co,mwlv1t4kyu,
easter,way,celebrate,right,way,chocolate,egg,li,lac,available,online,right,now,lilac,https,t.co,7r2njg6knt,
rt,emfontanella,new,video,youtube,channel,gooey,chocolate,chip,cookies,crispy,edges,cookie,dough,center,eat,thes,
new,video,youtube,channel,gooey,chocolate,chip,cookies,crispy,edges,cookie,dough,center,ea,https,t.co,khgvl6lpba,
one,thing,can,live,without,dark,chocolate,artbyterra,modernart,abstractart,midwestartist,https,t.co,eeamwjwvif,
easter,eastereggs,chocolates,handmade,foodporn,yummy,sweets,love,instafood,food,delicious,choco,https,t.co,hekruylacb,
rt,lilacchocolates,marzipan,pistachio,rolls,preparing,chocolate,dip,lilac,lilacchocolate,lilacchocolatenyc,indistrycity,
rt,skinnymechoc,really,feeling,spring,time,vibes,loveskinnyme,skinnyme,sugarfree,yum,stevia,sugarfreechocolate,choco,
rt,skinnymechoc,really,feeling,spring,time,vibes,loveskinnyme,skinnyme,sugarfree,yum,stevia,sugarfreechocolate,choco,
marzipan,pistachio,rolls,preparing,chocolate,dip,lilac,lilacchocolate,lilacchocolatenyc,https,t.co,wff50knzoj,
really,feeling,spring,time,vibes,loveskinnyme,skinnyme,sugarfree,yum,stevia,sugarfreechocolate,https,t.co,1mzkus3uxs,
thanks,excellent,idea,hashtagsandra,love,new,shopfooddistrict,shopsquareone,sq1fooddistrict,soooo,https,t.co,zfqtvsrork,
need,bite,dark,chocolate,almond,bark,come,milk,white,chocolate,https,t.co,jk0fohciwo,
ilovechocolate,https,t.co,whgfl0fxqd,
baileys,chocolate,truffles,handmade,foodporn,yummy,sweets,love,instafood,food,delicious,choco,dessert,https,t.co,1vslszqncj,
it’s,past,10pm,i’m,wide,awake,it’s,ok,sit,gorge,chocolates,whilst,drinking,hot,chocolate,innit,y,https,t.co,x8w1ea4rxc,
dinner,summer,bikini,body,thank,haha,adulting,ilovechocolate,https,t.co,hcfq9jxvgs,
choose,li,lac,easter,chocolates,always,homemade,sine,1923,lilac,lilacchocolates,https,t.co,hnifpmlnqw,
teeth,hate,worth,ilovechocolate,crispycrunch,partymix,sourwatermelonslices,junkfood,treats,https,t.co,9vaqtgdlvy,
motichur,filled,chocolates,handmade,foodporn,yummy,sweets,love,instafood,food,delicious,choco,dessert,https,t.co,ifvvyawe0o,
dobleccalderon,eres,de,los,míos,ilovechocolate,nunca,es,suficiente,nunca,jaja,
can,diet,ilovechocolate,https,t.co,jjmri43keo,
easter,eastereggs,faces,special,chocolates,handmade,foodporn,yummy,sweets,love,instafood,food,https,t.co,zfjii6dtpb,
