"lunch","time","love","keto","coffee","cold","refreshing","afternoon","pick","ilovechocolate","howdoyouketo","","","","","",""
"","sharon_grose","guess","kind","meeting","attending","today","ag","course","yummy","treat","farm","workshop","chocolatemilk","served","f",""
"guess","kind","meeting","attending","today","ag","course","yummy","treat","farm","workshop","chocolatemilk","se","","","",""
"candy","associated","every","holiday","i’ve","eaten","","hershey","kisses","chocolate","marshmallow","e","","","","",""
"time","afternoon","treat","cadburyuk","loving","caramel","mini","rolls","treattime","easter","ilovechocolate","","","","","",""
"jackataspire","maxmediauk","you’re","bestie","ilovechocolate","","","","","","","","","","","",""
"goodnight","nitenite","ilovechocolate","justbehappy","","","","","","","","","","","","",""
"shebertdaly","hear","ilovechocolate","","","","","","","","","","","","","",""
"hotelchocolat","watching","chocolate","dreams","inside","hotel","chocolat","think","need","work","factory","drool","","","qpmtbhevqa","",""
"just","sitting","work","creating","ad","thinking","boy","go","chocolate","right","now","someo","","","","",""
"ultimate","easter","basket","upgrade","zero","sugar","keto","friendly","gluten","free","sweetened","perfection","","","","",""
"prep","easter","basket","new","york's","best","chocolate","li","lac","lilac","lilacchocolates","chocolate","","","","",""
"also","nationalwearyourpajamastoworkday","hello","ilovechocolate","rock","pj's","tuesday","","","","","","","","","",""
"chocolate","amp","fruit","definitely","thing","lemon","lime","orange","strawberry","truffles","chocolatetherapy","","","","","",""
"love","chocolate","chocolate","ilovechocolate","likeforfollow","likeforlikes","follower","","sweetday","","","apyfdoiygu","","","","",""
"","","","","","","","","","","","","","","","",""
"","","","","","","","","","","","","","","","",""
"","","","","","","","","","","","","","","","",""
"love","chocolate","chocolate","ilovechocolate","likeforfollow","likeforlikes","follower","","sweetday","","","ipubbgflmn","","","","",""
"love","chocolate","chocolate","ilovechocolate","likeforfollow","likeforlikes","follower","","sweetday","","","","","","","",""
"love","chocolate","chocolate","ilovechocolate","likeforfollow","likeforlikes","follower","","sweetday","","","","","","","",""
"love","chocolate","chocolate","ilovechocolate","likeforfollow","likeforlikes","follower","","sweetday","","","awwxeyxlzn","","","","",""
"easter","almost","eastereggs","chocolates","handmade","foodporn","yummy","sweets","love","instafood","food","delicious","","","","",""
"go","three","hours","straight","teaching","i’m","starving","massive","chocolate","stash","","","","","","",""
"li","lac","chocolates","lilacchocolates","chocolate","whomakesyourchocolate","grandcentralmarket","hudsonyards","","","","","","","","",""
"li","lac","chocolates","lilacchocolates","chocolate","whomakesyourchocolate","grandcentralmarket","","","algnhhqhca","","","","","","",""
"iloveme","ilovechocolate","","","","","","","","","","","","","","",""
"easter","mini","eastereggs","chocolates","handmade","foodporn","yummy","sweets","love","instafood","food","delicious","choco","","","",""
"one","creamy","milk","chocolate","one","bold","dark","sounds","pretty","balanced","us","loveskinnyme","skinnyme","","","",""
"one","amazing","food","world","pure","chocolate","chocolatecity","ilovechocolate","chocolatelovers","","","","","","","",""
"easter","eastereggs","special","chocolates","handmade","foodporn","yummy","sweets","love","instafood","food","delicious","","","","",""
"new","puppy","family","meet","annieoakley","chocolatelab","cocolab","labpuppy","bestfriendsforever","","","cqbgohfzgd","","","","",""
"it’s","saturday","got","weekend","chocolate","variety","flavors","colors","chocolate","art","chocolatetherapy","","","","","",""
"kinder","ice","cream","gelato","gelatolove","kinderbueno","cornetto","kindericecream","bueno","icecream","kinder","like","","","","",""
"chocolate","life","ilovechocolate","chocolate","","","","","","","","","","","","",""
"just","know","love","dark","chocolate","nuts","amp","sea","salt","ever","want","buy","i’m","","","",""
"car","snacks","integrativehealthcoach","healthyeating","healthysnacks","healthcoach","moveitorloseit","sitlessmovemore","","","","","","","","",""
"j’avoue","j’ai","craqué","pour","un","lapin","mais","qui","n’a","jamais","craqué","pour","un","lapin","chocolate","chocolat",""
"","","","","","","","","","","","","","","","",""
"","poivrecannelle","nouveau","post","sur","mon","blog","sur","le","salonchocolat","","chocolat","ilovechocolate","chocaddict","foodieblog","",""
"uvb","","","","","","","","","","","","","","","",""
"volcán","de","chocolate","volcandechocolate","chocolate","lovechocolate","dessert","sweet","chocolovers","","","qkskkcsiuh","","","","",""
"make","skinnyme","chocolate","mug","cake","","minutes","get","recipe","","","","","","hzrxdeuriz","",""
"kris_sacrebleu","making","chocolate","cake","chocalate","buttercream","icing","scratch","ilovechocolate","","","","","","","",""
"today’s","discovery","hartley’s","","cal","blueberry","blackcurrant","flavour","jelly","tastes","like","cough","medicine","ev","","","bybedsiivw"
"childhoodmemories","chocolates","handmade","foodporn","yummy","sweets","love","instafood","food","delicious","choco","","","imnuafwztm","","",""
"life","ilovechocolate","","","","","","","","","","","","","","",""
"","emfontanella","new","video","youtube","channel","gooey","chocolate","chip","cookies","crispy","edges","cookie","dough","center","eat","thes"
"","emfontanella","new","video","youtube","channel","gooey","chocolate","chip","cookies","crispy","edges","cookie","dough","center","eat","thes"
"","skinnymechoc","sweet","satisfaction","skinnyme","chocolates","peanut","butter","aliciadoesketoo","loveskinnyme","skinnyme","sugarfree","yum","st","","",""
"sweet","satisfaction","skinnyme","chocolates","peanut","butter","aliciadoesketoo","loveskinnyme","skinnyme","sugarfree","","","","","","",""
"hubby","brought","easter","egg","today","bless","he’s","good","egg","excuse","pun","onehappywife","","","","",""
"easter","way","celebrate","right","way","chocolate","egg","li","lac","available","online","right","now","lilac","","",""
"","emfontanella","new","video","youtube","channel","gooey","chocolate","chip","cookies","crispy","edges","cookie","dough","center","eat","thes"
"new","video","youtube","channel","gooey","chocolate","chip","cookies","crispy","edges","cookie","dough","center","ea","","",""
"one","thing","can","live","without","dark","chocolate","artbyterra","modernart","abstractart","midwestartist","","","eeamwjwvif","","",""
"easter","eastereggs","chocolates","handmade","foodporn","yummy","sweets","love","instafood","food","delicious","choco","","","hekruylacb","",""
"","lilacchocolates","marzipan","pistachio","rolls","preparing","chocolate","dip","lilac","lilacchocolate","lilacchocolatenyc","indistrycity","","","","",""
"","skinnymechoc","really","feeling","spring","time","vibes","loveskinnyme","skinnyme","sugarfree","yum","stevia","sugarfreechocolate","choco","","",""
"","skinnymechoc","really","feeling","spring","time","vibes","loveskinnyme","skinnyme","sugarfree","yum","stevia","sugarfreechocolate","choco","","",""
"marzipan","pistachio","rolls","preparing","chocolate","dip","lilac","lilacchocolate","lilacchocolatenyc","","","","","","","",""
"really","feeling","spring","time","vibes","loveskinnyme","skinnyme","sugarfree","yum","stevia","sugarfreechocolate","","","","","",""
"thanks","excellent","idea","hashtagsandra","love","new","shopfooddistrict","shopsquareone","","soooo","","","zfqtvsrork","","","",""
"need","bite","dark","chocolate","almond","bark","come","milk","white","chocolate","","","","","","",""
"ilovechocolate","","","","","","","","","","","","","","","",""
"baileys","chocolate","truffles","handmade","foodporn","yummy","sweets","love","instafood","food","delicious","choco","dessert","","","",""
"it’s","past","","i’m","wide","awake","it’s","ok","sit","gorge","chocolates","whilst","drinking","hot","chocolate","innit","y"
"","","","","","","","","","","","","","","","",""
"dinner","summer","bikini","body","thank","haha","adulting","ilovechocolate","","","","","","","","",""
"choose","li","lac","easter","chocolates","always","homemade","sine","","lilac","lilacchocolates","","","hnifpmlnqw","","",""
"teeth","hate","worth","ilovechocolate","crispycrunch","partymix","sourwatermelonslices","junkfood","treats","","","","","","","",""
"motichur","filled","chocolates","handmade","foodporn","yummy","sweets","love","instafood","food","delicious","choco","dessert","","","",""
"dobleccalderon","eres","de","los","míos","ilovechocolate","nunca","es","suficiente","nunca","jaja","","","","","",""
"can","diet","ilovechocolate","","","","","","","","","","","","","",""
"easter","eastereggs","faces","special","chocolates","handmade","foodporn","yummy","sweets","love","instafood","food","","","","",""
